<?xml version="1.0" encoding="utf-8"?>
<UniSomm xmlns:xsd="http://www.w3.org/2001/XMLSchema" xmlns:xsi="http://www.w3.org/2001/XMLSchema-instance" codiceComunicazione="0000000000960275" dataInvio="2020-10-20T17:01:17.2109246+02:00" versione="CO190701R1" xmlns="http://servizi.lavoro.gov.it/unisomm">
  <AgenziaSomministrazione codiceFiscale="03472640170" denominazione="MAW MEN AT WORK - AGENZIA PER IL LAVORO S.P.A." agenziaestera="NO" numeroIscrizioneAlbo="000000003526/10/1998">
    <DatoreAnagraficaCompleta>
      <cognome>Turrini</cognome>
      <nome>Francesco</nome>
      <cittadinanza>000</cittadinanza>
      <sesso>M</sesso>
      <nascita>
        <comune>H223</comune>
        <data>1963-02-21</data>
      </nascita>
    </DatoreAnagraficaCompleta>
    <SedeLavoro>
      <Comune>L407</Comune>
      <cap>31100</cap>
      <Indirizzo>Viale Appiani, 20</Indirizzo>
      <e-mail>fil.treviso@maw.it</e-mail>
      <telefono>0422583310</telefono>
      <fax>0422583867</fax>
    </SedeLavoro>
    <SedeLegale>
      <Comune>B157</Comune>
      <cap>25124</cap>
      <Indirizzo>Via Pietro Nenni, 18</Indirizzo>
      <telefono>0303556132</telefono>
    </SedeLegale>
    <RapportoAgenziaSomm dataInizioSomm="2020-10-19" dataFineSomm="2020-10-23" entePrevidenziale="01" TipologiaContrattuale="A.02.00" lavInMobilita="NO" numeroAgenziaSomm="35" numeroMatricola="385635" />
  </AgenziaSomministrazione>
  <Lavoratore>
    <AnagraficaCompleta>
      <cognome>SPOLAOR</cognome>
      <nome>EMANUELE</nome>
      <codice-fiscale>SPLMNL76H24F904E</codice-fiscale>
      <cittadinanza>000</cittadinanza>
      <sesso>M</sesso>
      <nascita>
        <comune>F904</comune>
        <data>1976-06-24</data>
      </nascita>
    </AnagraficaCompleta>
    <IndirizzoLavoratore>
      <Comune>E980</Comune>
      <cap>30030</cap>
      <Indirizzo>Via Frassinelli 143/A,</Indirizzo>
    </IndirizzoLavoratore>
    <LivelloIstruzione>20</LivelloIstruzione>
  </Lavoratore>
  <DittaUtilizzatrice codiceFiscale="04083120982" denominazione="GOTAWAY S.R.L." numeroContrattoSomm="020019000" dataInizioContrattoSomm="2020-10-19" dataFineContrattoSomm="2020-10-23">
    <SedeLavoro>
      <Comune>B157</Comune>
      <cap>25100</cap>
      <Indirizzo>VIA P.NENNI 18</Indirizzo>
      <telefono>0303556103</telefono>
      <fax>0302450532</fax>
    </SedeLavoro>
    <SedeLegale>
      <Comune>B157</Comune>
      <cap>25100</cap>
      <Indirizzo>VIA P.NENNI 18</Indirizzo>
      <telefono>0303556103</telefono>
      <fax>0302450532</fax>
    </SedeLegale>
    <Settore>52.24.40</Settore>
    <PubblicaAmministrazione>NO</PubblicaAmministrazione>
    <InizioContratto>
      <Inizio dataInizioMissione="2020-10-19" dataFineMissione="2020-10-23" descrizioneAttivita="Contratto di somministrazione a tempo determinato stipulato ai sensi dell'art. 31 co. 2 del D.Lgs 8" rischioAsbestosiSilicosi="NO" voceTariffa_1="9121" lavoroInAgricoltura="NO" assunzioneObbligatoria="NO">
        <PatINAIL>0095559822</PatINAIL>
        <tipoOrario codice="F" />
        <qualificaProfessionale>7.4.2.1.0.0</qualificaProfessionale>
        <ccnl>9880</ccnl>
        <livelloInquadramento>000001</livelloInquadramento>
        <RetribuzioneCompenso>23020</RetribuzioneCompenso>
      </Inizio>
    </InizioContratto>
  </DittaUtilizzatrice>
  <TipoComunicazione>01</TipoComunicazione>
</UniSomm>