<?xml version='1.0' encoding='utf-8'?>
<UniSomm xmlns="http://servizi.lavoro.gov.it/unisomm" codiceComunicazione="0000000000960139" dataInvio="2020-10-29T16:57:55.2952861+01:00" versione="CO190701R1" xmlns:xsd="http://www.w3.org/2001/XMLSchema" xmlns:xsi="http://www.w3.org/2001/XMLSchema-instance">
  <AgenziaSomministrazione codiceFiscale="03472640170" denominazione="MAW MEN AT WORK - AGENZIA PER IL LAVORO S.P.A." agenziaestera="NO" numeroIscrizioneAlbo="000000003526/10/1998">
    <DatoreAnagraficaCompleta>
      <cognome>Turrini</cognome>
      <nome>Francesco</nome>
      <cittadinanza>000</cittadinanza>
      <sesso>M</sesso>
      <nascita>
        <comune>H223</comune>
        <data>1963-02-21</data>
      </nascita>
    </DatoreAnagraficaCompleta>
    <SedeLavoro>
      <Comune>E219</Comune>
      <cap>24064</cap>
      <Indirizzo>Piazza Invalidi del Lavoro,  9/10</Indirizzo>
      <e-mail>fil.grumello@maw.it</e-mail>
      <telefono>0354420717</telefono>
      <fax>0354420895</fax>
    </SedeLavoro>
    <SedeLegale>
      <Comune>B157</Comune>
      <cap>25124</cap>
      <Indirizzo>Via Pietro Nenni, 18</Indirizzo>
      <telefono>0303556132</telefono>
    </SedeLegale>
    <RapportoAgenziaSomm dataInizioSomm="2019-11-15" dataFineSomm="2020-10-31" entePrevidenziale="01" TipologiaContrattuale="A.02.00" lavInMobilita="NO" numeroAgenziaSomm="57" numeroMatricola="361713" />
  </AgenziaSomministrazione>
  <Lavoratore>
    <AnagraficaCompleta>
      <cognome>SUARDI</cognome>
      <nome>MIRKO</nome>
      <codice-fiscale>SRDMRK93L23I628R</codice-fiscale>
      <cittadinanza>000</cittadinanza>
      <sesso>M</sesso>
      <nascita>
        <comune>I628</comune>
        <data>1993-07-23</data>
      </nascita>
    </AnagraficaCompleta>
    <IndirizzoLavoratore>
      <Comune>B393</Comune>
      <cap>24050</cap>
      <Indirizzo>VIA MARTINENGO 2</Indirizzo>
    </IndirizzoLavoratore>
    <LivelloIstruzione>20</LivelloIstruzione>
  </Lavoratore>
  <DittaUtilizzatrice codiceFiscale="02887700165" denominazione="BI E CI METAL STEEL SRL" numeroContrattoSomm="019046200" dataInizioContrattoSomm="2019-11-15" dataFineContrattoSomm="2020-09-25">
    <SedeLavoro>
      <Comune>F738</Comune>
      <cap>24050</cap>
      <Indirizzo>VIA FORNACE, s.n.</Indirizzo>
      <telefono>035844198</telefono>
      <fax>0354490473</fax>
    </SedeLavoro>
    <SedeLegale>
      <Comune>F738</Comune>
      <cap>24050</cap>
      <Indirizzo>VIA FORNACE, s.n.</Indirizzo>
      <telefono>035844198</telefono>
      <fax>0354490473</fax>
    </SedeLegale>
    <Settore>25.62.00</Settore>
    <PubblicaAmministrazione>NO</PubblicaAmministrazione>
    <InizioContratto>
      <Inizio dataInizioMissione="2019-11-15" dataFineMissione="2020-09-25" descrizioneAttivita="Contratto di somministrazione a tempo determinato stipulato ai sensi dell'art. 31 co. 2 del D.Lgs 8" rischioAsbestosiSilicosi="NO" voceTariffa_1="6211" lavoroInAgricoltura="NO" assunzioneObbligatoria="NO">
        <PatINAIL>0090285598</PatINAIL>
        <tipoOrario codice="F" />
        <qualificaProfessionale>6.2.1.4.0.9</qualificaProfessionale>
        <ccnl>7370</ccnl>
        <livelloInquadramento>000013</livelloInquadramento>
        <RetribuzioneCompenso>19093</RetribuzioneCompenso>
      </Inizio>
    </InizioContratto>
  </DittaUtilizzatrice>
  <DatiVariazione codiceVariazione="4.02">
    <DatiCessazione dataCessazione="2020-09-25" codiceCausa="LG" />
  </DatiVariazione>
  <TipoComunicazione>01</TipoComunicazione>
</UniSomm>