<?xml version='1.0' encoding='UTF-8' standalone='yes'?>
<tis>
	<istanza>
		<identificativoPratica>1</identificativoPratica>
		<denominazioneAPL name="peppino">MAW MEN AT WORK AGENZIA PER IL LAVORO S.P.A.</denominazioneAPL>
		<ragioneSocialeUtilizzatore>ART COSMETICS SRL </ragioneSocialeUtilizzatore>
		<partitaIvaUtilizzatore>2027370168</partitaIvaUtilizzatore>
		<matricolaInpsUtilizzatore>1205425605</matricolaInpsUtilizzatore>
		<codiceAtecoUtilizzatore>20.42.00</codiceAtecoUtilizzatore>
		<sedeUnitaProduttiva>F786</sedeUnitaProduttiva>
		<mensilitaAggiuntive>1</mensilitaAggiuntive>
		<settoreRiferimento>NE</settoreRiferimento>
		<autocertificazioneSettimane>S</autocertificazioneSettimane>
		<note/>
		<lavoratori>
			<lavoratore>
				<annoRiferimento>2020</annoRiferimento>
				<meseRiferimento>3</meseRiferimento>
				<codiceFiscale>BBNMNR79L63L400E</codiceFiscale>
				<cognome>ABBONDIO</cognome>
				<nome>MELANIA ARMIDA</nome>
				<tipologiaContratto>TI</tipologiaContratto>
				<sgraviAliquotaContributivaPrevidenziale>N</sgraviAliquotaContributivaPrevidenziale>
				<retribuzioneMensileLorda>1833.07</retribuzioneMensileLorda>
				<retribuzioneTisRiconosciuta>299.04</retribuzioneTisRiconosciuta>
				<contribuzioneTisRiconosciuta>190.24</contribuzioneTisRiconosciuta>
				<quotaRateiMensilitaAggiuntive>46.07</quotaRateiMensilitaAggiuntive>
				<quotaRateiRolPermessiFerie>69.57</quotaRateiRolPermessiFerie>
				<totaleOreTisRiconosciute>56</totaleOreTisRiconosciute>
				<lavoratoreAlleDipendenze25Marzo>S</lavoratoreAlleDipendenze25Marzo>
			</lavoratore>
			<lavoratore>
				<annoRiferimento>2020</annoRiferimento>
				<meseRiferimento>3</meseRiferimento>
				<codiceFiscale>BBNMNR79L63L400E</codiceFiscale>
				<cognome>ABBONDIO</cognome>
				<nome>MELANIA ARMIDA</nome>
				<tipologiaContratto>TI</tipologiaContratto>
				<sgraviAliquotaContributivaPrevidenziale>N</sgraviAliquotaContributivaPrevidenziale>
				<retribuzioneMensileLorda>1833.07</retribuzioneMensileLorda>
				<retribuzioneTisRiconosciuta>299.04</retribuzioneTisRiconosciuta>
				<contribuzioneTisRiconosciuta>190.24</contribuzioneTisRiconosciuta>
				<quotaRateiMensilitaAggiuntive>46.07</quotaRateiMensilitaAggiuntive>
				<quotaRateiRolPermessiFerie>69.57</quotaRateiRolPermessiFerie>
				<totaleOreTisRiconosciute>56</totaleOreTisRiconosciute>
				<lavoratoreAlleDipendenze25Marzo>S</lavoratoreAlleDipendenze25Marzo>
			</lavoratore>
		</lavoratori>
	</istanza>
</tis>
