<?xml version='1.0' encoding='utf-8'?>
<UniSomm xmlns="http://servizi.lavoro.gov.it/unisomm" codiceComunicazione="0000000000959845" dataInvio="2020-10-29T16:57:55.3485308+01:00" versione="CO190701R1" xmlns:xsd="http://www.w3.org/2001/XMLSchema" xmlns:xsi="http://www.w3.org/2001/XMLSchema-instance">
  <AgenziaSomministrazione codiceFiscale="03472640170" denominazione="MAW MEN AT WORK - AGENZIA PER IL LAVORO S.P.A." agenziaestera="NO" numeroIscrizioneAlbo="000000003526/10/1998">
    <DatoreAnagraficaCompleta>
      <cognome>Turrini</cognome>
      <nome>Francesco</nome>
      <cittadinanza>000</cittadinanza>
      <sesso>M</sesso>
      <nascita>
        <comune>H223</comune>
        <data>1963-02-21</data>
      </nascita>
    </DatoreAnagraficaCompleta>
    <SedeLavoro>
      <Comune>B157</Comune>
      <cap>25125</cap>
      <Indirizzo>Via Flero, 20</Indirizzo>
      <e-mail>fil.brescia@maw.it</e-mail>
      <telefono>0303758686</telefono>
      <fax>0302937085</fax>
    </SedeLavoro>
    <SedeLegale>
      <Comune>B157</Comune>
      <cap>25124</cap>
      <Indirizzo>Via Pietro Nenni, 18</Indirizzo>
      <telefono>0303556132</telefono>
    </SedeLegale>
    <RapportoAgenziaSomm dataInizioSomm="2020-01-13" dataFineSomm="2021-01-11" entePrevidenziale="01" TipologiaContrattuale="A.02.00" lavInMobilita="NO" numeroAgenziaSomm="1" numeroMatricola="365938" />
  </AgenziaSomministrazione>
  <Lavoratore>
    <AnagraficaCompleta>
      <cognome>CAVANAGH</cognome>
      <nome>JAMES COLM</nome>
      <codice-fiscale>CVNJSC89L16Z116C</codice-fiscale>
      <cittadinanza>221</cittadinanza>
      <sesso>M</sesso>
      <nascita>
        <comune>Z116</comune>
        <data>1989-07-16</data>
      </nascita>
    </AnagraficaCompleta>
    <IndirizzoLavoratore>
      <Comune>H477</Comune>
      <cap>25100</cap>
      <Indirizzo>via colombaia 8</Indirizzo>
    </IndirizzoLavoratore>
    <LivelloIstruzione>40</LivelloIstruzione>
  </Lavoratore>
  <DittaUtilizzatrice codiceFiscale="03521190987" denominazione="COPAN WASP SRL" numeroContrattoSomm="020014100" dataInizioContrattoSomm="2020-01-13" dataFineContrattoSomm="2020-09-25">
    <SedeLavoro>
      <Comune>B157</Comune>
      <cap>25100</cap>
      <Indirizzo>VIA FRANCESCO PEROTTI, 18</Indirizzo>
      <telefono>0303666100</telefono>
      <fax>0302659932</fax>
    </SedeLavoro>
    <SedeLegale>
      <Comune>B157</Comune>
      <cap>25100</cap>
      <Indirizzo>VIA FRANCESCO PEROTTI, 18</Indirizzo>
      <telefono>0303666100</telefono>
      <fax>0302659932</fax>
    </SedeLegale>
    <Settore>26.51.29</Settore>
    <PubblicaAmministrazione>NO</PubblicaAmministrazione>
    <InizioContratto>
      <Inizio dataInizioMissione="2020-01-13" dataFineMissione="2020-09-25" descrizioneAttivita="Contratto di somministrazione a tempo determinato stipulato ai sensi dell'art. 31 co. 2 del D.Lgs 8" rischioAsbestosiSilicosi="NO" voceTariffa_1="6530" lavoroInAgricoltura="NO" assunzioneObbligatoria="NO">
        <PatINAIL>0092941610</PatINAIL>
        <tipoOrario codice="F" />
        <qualificaProfessionale>3.1.3.3.0.2</qualificaProfessionale>
        <ccnl>9880</ccnl>
        <livelloInquadramento>000001</livelloInquadramento>
        <RetribuzioneCompenso>22397</RetribuzioneCompenso>
      </Inizio>
    </InizioContratto>
  </DittaUtilizzatrice>
  <DatiVariazione codiceVariazione="4.02">
    <DatiCessazione dataCessazione="2020-09-25" codiceCausa="DI" />
  </DatiVariazione>
  <TipoComunicazione>9876</TipoComunicazione>
</UniSomm>