<?xml version='1.0' encoding='utf-8'?>
<UniSomm xmlns="http://servizi.lavoro.gov.it/unisomm" codiceComunicazione="0000000000959586" dataInvio="2020-10-29T16:57:55.4117439+01:00" versione="CO190701R1" xmlns:xsd="http://www.w3.org/2001/XMLSchema" xmlns:xsi="http://www.w3.org/2001/XMLSchema-instance">
  <AgenziaSomministrazione codiceFiscale="03472640170" denominazione="MAW MEN AT WORK - AGENZIA PER IL LAVORO S.P.A." agenziaestera="NO" numeroIscrizioneAlbo="000000003526/10/1998">
    <DatoreAnagraficaCompleta>
      <cognome>agenziacognomenuovo</cognome>
      <nome>Francesco</nome>
      <cittadinanza>000</cittadinanza>
      <sesso>M</sesso>
      <nascita>
        <comune>H223</comune>
        <data>1963-02-21</data>
      </nascita>
    </DatoreAnagraficaCompleta>
    <SedeLavoro>
      <Comune>comune</Comune>
      <cap>31100</cap>
      <Indirizzo>Viale Appiani, 20</Indirizzo>
      <e-mail>fil.treviso@maw.it</e-mail>
      <telefono>0422583310</telefono>
      <fax>0422583867</fax>
    </SedeLavoro>
    <SedeLegale>
      <Comune>B157</Comune>
      <cap>25124</cap>
      <Indirizzo>Via Pietro Nenni, 18</Indirizzo>
      <telefono>0303556132</telefono>
    </SedeLegale>
    <RapportoAgenziaSomm dataInizioSomm="2020-08-24" dataFineSomm="2020-10-23" entePrevidenziale="01" TipologiaContrattuale="A.02.00" lavInMobilita="NO" numeroAgenziaSomm="35" numeroMatricola="380363" />
  </AgenziaSomministrazione>
  <Lavoratore>
    <AnagraficaCompleta>
      <cognome>cognomelavnuovo</cognome>
      <nome>pippo</nome>
      <codice-fiscale>LSRKLD96R26Z330F</codice-fiscale>
      <cittadinanza>436</cittadinanza>
      <sesso>M</sesso>
      <nascita>
        <comune>Z330</comune>
        <data>1996-10-26</data>
      </nascita>
    </AnagraficaCompleta>
    <extraCE dataScadenzaPS="2099-12-31" motivoPermesso="CSST1" tipoDocumento="5" questura="093" />
    <IndirizzoLavoratore>
      <Comune>G944</Comune>
      <cap>31050</cap>
      <Indirizzo>VIA ARCADE, 12</Indirizzo>
    </IndirizzoLavoratore>
    <LivelloIstruzione>40</LivelloIstruzione>
  </Lavoratore>
  <DittaUtilizzatrice codiceFiscale="04083120982" denominazione="GOTAWAY S.R.L." numeroContrattoSomm="020014800" dataInizioContrattoSomm="2020-08-24" dataFineContrattoSomm="2020-09-26">
    <SedeLavoro>
      <Comune>comuneDitta</Comune>
      <cap>25100</cap>
      <Indirizzo>VIA P.NENNI 18</Indirizzo>
      <telefono>0303556103</telefono>
      <fax>0302450532</fax>
    </SedeLavoro>
    <SedeLegale>
      <Comune>okkkk</Comune>
      <cap>25100</cap>
      <Indirizzo>VIA P.NENNI 18</Indirizzo>
      <telefono>0303556103</telefono>
      <fax>0302450532</fax>
    </SedeLegale>
    <Settore>metallurgica</Settore>
    <PubblicaAmministrazione>NO</PubblicaAmministrazione>
    <InizioContratto>
      <Inizio dataInizioMissione="2020-08-24" dataFineMissione="2020-09-26" descrizioneAttivita="Contratto di somministrazione a tempo determinato stipulato ai sensi dell'art. 31 co. 2 del D.Lgs 8" rischioAsbestosiSilicosi="NO" voceTariffa_1="9121" lavoroInAgricoltura="NO" assunzioneObbligatoria="NO">
        <PatINAIL>0095559822</PatINAIL>
        <tipoOrario codice="F" />
        <qualificaProfessionale>7.4.2.1.0.0</qualificaProfessionale>
        <ccnl>9880</ccnl>
        <livelloInquadramento>000001</livelloInquadramento>
        <RetribuzioneCompenso>23020</RetribuzioneCompenso>
      </Inizio>
    </InizioContratto>
  </DittaUtilizzatrice>
  <DatiVariazione codiceVariazione="4.02">
    <DatiCessazione dataCessazione="2020-09-26" codiceCausa="DI" />
  </DatiVariazione>
  <TipoComunicazione>252525</TipoComunicazione>
</UniSomm>