<?xml version='1.0' encoding='utf-8'?>
<UniSomm xmlns="http://servizi.lavoro.gov.it/unisomm" codiceComunicazione="0000000000960638" dataInvio="2020-10-29T16:57:55.2485239+01:00" versione="CO190701R1" xmlns:xsd="http://www.w3.org/2001/XMLSchema" xmlns:xsi="http://www.w3.org/2001/XMLSchema-instance">
  <AgenziaSomministrazione codiceFiscale="03472640170" denominazione="MAW MEN AT WORK - AGENZIA PER IL LAVORO S.P.A." agenziaestera="NO" numeroIscrizioneAlbo="000000003526/10/1998">
    <DatoreAnagraficaCompleta>
      <cognome>agenziacognomenuovo</cognome>
      <nome>Francesco</nome>
      <cittadinanza>000</cittadinanza>
      <sesso>M</sesso>
      <nascita>
        <comune>H223</comune>
        <data>1963-02-21</data>
      </nascita>
    </DatoreAnagraficaCompleta>
    <SedeLavoro>
      <Comune>comune</Comune>
      <cap>30027</cap>
      <Indirizzo>Via XIII Martiri, 133</Indirizzo>
      <e-mail>fil.sandona@maw.it</e-mail>
      <telefono>0421596009</telefono>
      <fax>0421336306</fax>
    </SedeLavoro>
    <SedeLegale>
      <Comune>B157</Comune>
      <cap>25124</cap>
      <Indirizzo>Via Pietro Nenni, 18</Indirizzo>
      <telefono>0303556132</telefono>
    </SedeLegale>
    <RapportoAgenziaSomm dataInizioSomm="2019-06-25" dataFineSomm="2021-04-03" entePrevidenziale="01" TipologiaContrattuale="A.02.00" lavInMobilita="NO" numeroAgenziaSomm="69" numeroMatricola="348503" />
  </AgenziaSomministrazione>
  <Lavoratore>
    <AnagraficaCompleta>
      <cognome>cognomelavnuovo</cognome>
      <nome>pippo</nome>
      <codice-fiscale>SNYDVD88D17Z318N</codice-fiscale>
      <cittadinanza>423</cittadinanza>
      <sesso>M</sesso>
      <nascita>
        <comune>Z318</comune>
        <data>1988-04-17</data>
      </nascita>
    </AnagraficaCompleta>
    <extraCE dataScadenzaPS="2020-07-31" motivoPermesso="ASIL2" tipoDocumento="1" questura="097" />
    <IndirizzoLavoratore>
      <Comune>C388</Comune>
      <cap>30016</cap>
      <Indirizzo>VIA LEVANTINA, 100</Indirizzo>
    </IndirizzoLavoratore>
    <LivelloIstruzione>40</LivelloIstruzione>
  </Lavoratore>
  <DittaUtilizzatrice codiceFiscale="03809850237" denominazione="PULIRE E RICICLARE SRL" numeroContrattoSomm="019045300" dataInizioContrattoSomm="2019-06-25" dataFineContrattoSomm="2020-09-28">
    <SedeLavoro>
      <Comune>comuneDitta</Comune>
      <cap>37100</cap>
      <Indirizzo>VIA DELL'ARTIGIANATO 11</Indirizzo>
      <telefono>0458250242</telefono>
      <fax>045508187</fax>
    </SedeLavoro>
    <SedeLegale>
      <Comune>okkkk</Comune>
      <cap>37100</cap>
      <Indirizzo>VIA DELL'ARTIGIANATO 11</Indirizzo>
      <telefono>0458250242</telefono>
      <fax>045508187</fax>
    </SedeLegale>
    <Settore>metallurgica</Settore>
    <PubblicaAmministrazione>NO</PubblicaAmministrazione>
    <InizioContratto>
      <Inizio dataInizioMissione="2019-06-25" dataFineMissione="2020-09-28" descrizioneAttivita="Contratto di somministrazione a tempo determinato stipulato ai sensi dell'art. 31 co. 2 del D.Lgs 8" rischioAsbestosiSilicosi="NO" voceTariffa_1="0421" lavoroInAgricoltura="NO" assunzioneObbligatoria="NO">
        <PatINAIL>0020490264</PatINAIL>
        <tipoOrario codice="P" oreSettimanaliMedie="12" />
        <qualificaProfessionale>8.1.4.3.0.0</qualificaProfessionale>
        <ccnl>9880</ccnl>
        <livelloInquadramento>000001</livelloInquadramento>
        <RetribuzioneCompenso>4590</RetribuzioneCompenso>
      </Inizio>
    </InizioContratto>
  </DittaUtilizzatrice>
  <DatiVariazione codiceVariazione="4.02">
    <DatiCessazione dataCessazione="2020-09-28" codiceCausa="LG" />
  </DatiVariazione>
  <TipoComunicazione>252525</TipoComunicazione>
</UniSomm>