<?xml version='1.0' encoding='utf-8'?>
<UniSomm xmlns="http://servizi.lavoro.gov.it/unisomm" codiceComunicazione="0000000000963127" dataInvio="2020-10-29T16:57:55.19529+01:00" versione="CO190701R1" xmlns:xsd="http://www.w3.org/2001/XMLSchema" xmlns:xsi="http://www.w3.org/2001/XMLSchema-instance">
  <AgenziaSomministrazione codiceFiscale="03472640170" denominazione="MAW MEN AT WORK - AGENZIA PER IL LAVORO S.P.A." agenziaestera="NO" numeroIscrizioneAlbo="000000003526/10/1998">
    <DatoreAnagraficaCompleta>
      <cognome>Turrini</cognome>
      <nome>Francesco</nome>
      <cittadinanza>000</cittadinanza>
      <sesso>M</sesso>
      <nascita>
        <comune>H223</comune>
        <data>1963-02-21</data>
      </nascita>
    </DatoreAnagraficaCompleta>
    <SedeLavoro>
      <Comune>F257</Comune>
      <cap>41100</cap>
      <Indirizzo>Viale Pietro Gobetti, 90/92</Indirizzo>
      <e-mail>fil.modena@maw.it</e-mail>
      <telefono>059239390</telefono>
      <fax>059236701</fax>
    </SedeLavoro>
    <SedeLegale>
      <Comune>B157</Comune>
      <cap>25124</cap>
      <Indirizzo>Via Pietro Nenni, 18</Indirizzo>
      <telefono>0303556132</telefono>
    </SedeLegale>
    <RapportoAgenziaSomm dataInizioSomm="2019-12-28" dataFineSomm="2021-03-31" entePrevidenziale="01" TipologiaContrattuale="A.02.00" lavInMobilita="NO" numeroAgenziaSomm="25" numeroMatricola="365013" />
  </AgenziaSomministrazione>
  <Lavoratore>
    <AnagraficaCompleta>
      <cognome>BECA</cognome>
      <nome>IDAJETE</nome>
      <codice-fiscale>BCEDJT83P61Z100H</codice-fiscale>
      <cittadinanza>201</cittadinanza>
      <sesso>F</sesso>
      <nascita>
        <comune>Z100</comune>
        <data>1983-09-21</data>
      </nascita>
    </AnagraficaCompleta>
    <extraCE dataScadenzaPS="2021-01-27" motivoPermesso="FAMIG" tipoDocumento="1" questura="055" />
    <IndirizzoLavoratore>
      <Comune>F257</Comune>
      <cap>41100</cap>
      <Indirizzo>VIA GIBELLINI 210/02 I.1</Indirizzo>
    </IndirizzoLavoratore>
    <LivelloIstruzione>40</LivelloIstruzione>
  </Lavoratore>
  <DittaUtilizzatrice codiceFiscale="03312541208" denominazione="ASTERIX SRL" numeroContrattoSomm="019011000" dataInizioContrattoSomm="2019-12-28" dataFineContrattoSomm="2021-03-31">
    <SedeLavoro>
      <Comune>A944</Comune>
      <cap>40100</cap>
      <Indirizzo>via dell'Arcoveggio, 80</Indirizzo>
      <telefono>051765727</telefono>
      <fax>0510875129</fax>
    </SedeLavoro>
    <SedeLegale>
      <Comune>A944</Comune>
      <cap>40100</cap>
      <Indirizzo>VIA DELL'ARCOVEGGIO 80</Indirizzo>
      <telefono>051765727</telefono>
      <fax>0510875129</fax>
    </SedeLegale>
    <Settore>81.21.00</Settore>
    <PubblicaAmministrazione>NO</PubblicaAmministrazione>
    <InizioContratto>
      <Inizio dataInizioMissione="2019-12-28" dataFineMissione="2021-03-31" descrizioneAttivita="Contratto di somministrazione a tempo determinato stipulato ai sensi dell'art. 31 co. 2 del D.Lgs 8" rischioAsbestosiSilicosi="NO" voceTariffa_1="0421" lavoroInAgricoltura="NO" assunzioneObbligatoria="NO">
        <PatINAIL>0021973256</PatINAIL>
        <tipoOrario codice="P" oreSettimanaliMedie="7" />
        <qualificaProfessionale>6.1.5.1.0.0</qualificaProfessionale>
        <ccnl>7370</ccnl>
        <livelloInquadramento>000013</livelloInquadramento>
        <RetribuzioneCompenso>2768</RetribuzioneCompenso>
      </Inizio>
    </InizioContratto>
  </DittaUtilizzatrice>
  <DatiVariazione codiceVariazione="2.02">
    <DatiProroga dataFineProroga="2021-03-31" />
  </DatiVariazione>
  <TipoComunicazione>01</TipoComunicazione>
</UniSomm>