<?xml version="1.0" encoding="utf-8"?>
<UniSomm xmlns:xsd="http://www.w3.org/2001/XMLSchema" xmlns:xsi="http://www.w3.org/2001/XMLSchema-instance" codiceComunicazione="0000000000958250" dataInvio="2020-10-07T11:02:00.4082662+02:00" versione="CO190701R1" xmlns="http://servizi.lavoro.gov.it/unisomm">
  <AgenziaSomministrazione codiceFiscale="03472640170" denominazione="MAW MEN AT WORK - AGENZIA PER IL LAVORO S.P.A." agenziaestera="NO" numeroIscrizioneAlbo="000000003526/10/1998">
    <DatoreAnagraficaCompleta>
      <cognome>Turrini</cognome>
      <nome>Francesco</nome>
      <cittadinanza>000</cittadinanza>
      <sesso>M</sesso>
      <nascita>
        <comune>H223</comune>
        <data>1963-02-21</data>
      </nascita>
    </DatoreAnagraficaCompleta>
    <SedeLavoro>
      <Comune>G149</Comune>
      <cap>25034</cap>
      <Indirizzo>Via XX settembre, 6</Indirizzo>
      <e-mail>fil.orzinuovi@maw.it</e-mail>
      <telefono>0309941795</telefono>
      <fax>030941323</fax>
    </SedeLavoro>
    <SedeLegale>
      <Comune>B157</Comune>
      <cap>25124</cap>
      <Indirizzo>Via Pietro Nenni, 18</Indirizzo>
      <telefono>0303556132</telefono>
    </SedeLegale>
    <RapportoAgenziaSomm dataInizioSomm="2020-10-06" dataFineSomm="2020-10-06" entePrevidenziale="01" TipologiaContrattuale="A.02.00" lavInMobilita="NO" numeroAgenziaSomm="37" numeroMatricola="384729" />
  </AgenziaSomministrazione>
  <Lavoratore>
    <AnagraficaCompleta>
      <cognome>SINGH</cognome>
      <nome>HARJASHANPREET</nome>
      <codice-fiscale>SNGHJS00T27Z222B</codice-fiscale>
      <cittadinanza>000</cittadinanza>
      <sesso>M</sesso>
      <nascita>
        <comune>Z222</comune>
        <data>2000-12-27</data>
      </nascita>
    </AnagraficaCompleta>
    <IndirizzoLavoratore>
      <Comune>G815</Comune>
      <cap>25030</cap>
      <Indirizzo>VIA GARIBALDI 11</Indirizzo>
    </IndirizzoLavoratore>
    <LivelloIstruzione>40</LivelloIstruzione>
  </Lavoratore>
  <DittaUtilizzatrice codiceFiscale="03563360175" denominazione="LUMENFLON SPA" numeroContrattoSomm="020031000" dataInizioContrattoSomm="2020-10-06" dataFineContrattoSomm="2020-10-06">
    <SedeLavoro>
      <Comune>B120</Comune>
      <cap>25030</cap>
      <Indirizzo>VIA EINAUDI, 14</Indirizzo>
      <telefono>0309972424</telefono>
      <fax>0309972425</fax>
    </SedeLavoro>
    <SedeLegale>
      <Comune>B120</Comune>
      <cap>25030</cap>
      <Indirizzo>VIA EINAUDI, 14</Indirizzo>
      <telefono>0309972424</telefono>
      <fax>0309972425</fax>
    </SedeLegale>
    <Settore>25.99.19</Settore>
    <PubblicaAmministrazione>NO</PubblicaAmministrazione>
    <InizioContratto>
      <Inizio dataInizioMissione="2020-10-06" dataFineMissione="2020-10-06" descrizioneAttivita="Contratto di somministrazione a tempo determinato stipulato ai sensi dell'art. 31 co. 2 del D.Lgs 8" rischioAsbestosiSilicosi="NO" voceTariffa_1="6222" lavoroInAgricoltura="NO" assunzioneObbligatoria="NO">
        <PatINAIL>0021741496</PatINAIL>
        <tipoOrario codice="F" />
        <qualificaProfessionale>8.4.3.1.0.2</qualificaProfessionale>
        <ccnl>9880</ccnl>
        <livelloInquadramento>000001</livelloInquadramento>
        <RetribuzioneCompenso>21368</RetribuzioneCompenso>
      </Inizio>
    </InizioContratto>
  </DittaUtilizzatrice>
  <TipoComunicazione>01</TipoComunicazione>
</UniSomm>